<deux enfants de la plus pure beauté-96>_1,<je-1>_2,<du frère-206>_3,<les deux spectres des deux derniers Ravalet-155>_4
<aux Ravalet-86>,<je-1>,<Marguerite-170>,<Ceux - là-146>
<femmes-88>,<je-1>,<Marguerite-170>,<Ceux - là-146>
<une Ravalet-91>,<je-1>,<La-203>,<Ceux - là-146>
<nous-92>,<je-1>,<Marguerite-170>,<Ceux - là-146>
<--93>,<je-1>,<Marguerite-170>,<Ceux - là-146>
<nous-92>,<je-1>,<Marguerite-170>,<architectes-149>
<Les monstres-95>,<je-1>,<Marguerite-170>,<Ceux - là-146>
<Les monstres-95>,<je-1>,<Marguerite-170>,<Armide elle - même-152>
<deux enfants de la plus pure beauté-96>,<je-1>,<Marguerite-170>,<Armide elle - même-152>
<deux enfants de la plus pure beauté-96>,<je-1>,<je-205>,<Armide-154>
<aux Ravalet-86>,<je-1>,<du frère-206>,<Ceux - là-146>
<aux Ravalet-86>,<je-1>,<un jeune homme noble-207>,<les deux spectres des deux derniers Ravalet-155>
<en-98>,<je-1>,<du frère-206>,<des deux derniers Ravalet-156>
<deux enfants de la plus pure beauté-96>,<je-1>,<Marguerite-170>,<les deux spectres des deux derniers Ravalet-155>
<deux enfants de la plus pure beauté-96>,<je-1>,<Marguite-210>,<les deux spectres des deux derniers Ravalet-155>
<deux enfants de la plus pure beauté-96>,<je-1>,<Marguerite-211>,<les deux spectres des deux derniers Ravalet-155>
<deux enfants de la plus pure beauté-96>,<je-1>,<du frère-206>,<les deux spectres des deux derniers Ravalet-155>
<ses-99>,<je-1>,<du frère-206>,<ces gens tranquilles-158>
<Julien et Marguerite de Ravalet-100>,<je-1>,<qui-212>,<L' un deux-159>
<Marguerite de Ravalet-101>,<je-1>,<du frère-206>,<L' un deux-159>
<deux enfants de la plus pure beauté-96>,<je-1>,<Marguerite-170>,<une Ravalet-162>
<femmes-88>,<je-1>,<Marguerite-170>,<une Ravalet-162>
<une Ravalet-91>,<je-1>,<Marguerite-170>,<L' un deux-159>
<nous-92>,<je-1>,<Marguerite-170>,<une Ravalet-162>
<--93>,<je-1>,<Marguerite-170>,<les deux spectres des deux derniers Ravalet-155>
<nous-92>,<je-1>,<Marguerite-170>,<Ceux - là-146>
<Les monstres-95>,<je-1>,<je-205>,<Ceux - là-146>
<Les monstres-95>,<qui-8>,<du frère-206>,<Ceux - là-146>
<deux enfants de la plus pure beauté-96>,<je-1>,<un jeune homme noble-207>,<Ceux - là-146>
<deux enfants de la plus pure beauté-96>,<qui-8>,<du frère-206>,<Ceux - là-146>
<aux Ravalet-86>,<je-1>,<Marguerite-170>,<architectes-149>
<aux Ravalet-86>,<je-1>,<Marguite-210>,<Ceux - là-146>
<en-98>,<je-1>,<Marguerite-211>,<Armide elle - même-152>
<deux enfants de la plus pure beauté-96>,<je-1>,<du frère-206>,<Armide elle - même-152>
<deux enfants de la plus pure beauté-96>,<je-1>,<du frère-206>,<Armide-154>
<deux enfants de la plus pure beauté-96>,<je-1>,<qui-212>,<Ceux - là-146>
<deux enfants de la plus pure beauté-96>,<qui-8>,<du frère-206>,<les deux spectres des deux derniers Ravalet-155>
<ses-99>,<je-1>,<Marguerite-170>,<des deux derniers Ravalet-156>
<Julien et Marguerite de Ravalet-100>,<qui-8>,<je-205>,<les deux spectres des deux derniers Ravalet-155>
<Marguerite de Ravalet-101>,<je-1>,<Marguerite-170>,<les deux spectres des deux derniers Ravalet-155>
<deux enfants de la plus pure beauté-96>,<je-1>,<Marguerite-170>,<les deux spectres des deux derniers Ravalet-155>
<nous-92>,<je-1>,<Marguerite-170>,<les deux spectres des deux derniers Ravalet-155>
<--93>,<je-1>,<je-205>,<ces gens tranquilles-158>
<nous-92>,<je-1>,<du frère-206>,<L' un deux-159>
<Les monstres-95>,<je-1>,<un jeune homme noble-207>,<L' un deux-159>
<Les monstres-95>,<qui-8>,<du frère-206>,<une Ravalet-162>
<deux enfants de la plus pure beauté-96>,<je-1>,<Marguerite-170>,<une Ravalet-162>
<deux enfants de la plus pure beauté-96>,<qui-8>,<Marguite-210>,<L' un deux-159>
<aux Ravalet-86>,<je-1>,<Marguerite-211>,<une Ravalet-162>
<aux Ravalet-86>,<je-1>,<du frère-206>,<les deux spectres des deux derniers Ravalet-155>
<en-98>,<je-1>,<du frère-206>,<les deux spectres des deux derniers Ravalet-155>
<deux enfants de la plus pure beauté-96>,<je-1>,<qui-212>,<Ceux - là-146>
<deux enfants de la plus pure beauté-96>,<je-1>,<du frère-206>,<Ceux - là-146>
<deux enfants de la plus pure beauté-96>,<je-1>,<Marguerite-170>,<Ceux - là-146>
<deux enfants de la plus pure beauté-96>,<je-1>,<je-205>,<Ceux - là-146>
<ses-99>,<qui-8>,<Marguerite-170>,<Ceux - là-146>
<Julien et Marguerite de Ravalet-100>,<je-1>,<Marguerite-170>,<architectes-149>
<Marguerite de Ravalet-101>,<qui-8>,<Marguerite-170>,<Ceux - là-146>
<deux enfants de la plus pure beauté-96>,<je-1>,<Marguerite-170>,<Armide elle - même-152>
<deux enfants de la plus pure beauté-96>,<je-1>,<du frère-206>,<Armide elle - même-152>
<Il-102>,<je-1>,<Marguerite-170>,<Armide-154>
<Il-102>,<je-1>,<Marguerite-170>,<Ceux - là-146>
<deux enfants de la plus pure beauté-96>,<je-1>,<je-205>,<les deux spectres des deux derniers Ravalet-155>
<deux enfants de la plus pure beauté-96>,<je-1>,<du frère-206>,<des deux derniers Ravalet-156>
<deux enfants de la plus pure beauté-96>,<je-1>,<un jeune homme noble-207>,<les deux spectres des deux derniers Ravalet-155>
<deux enfants de la plus pure beauté-96>,<je-1>,<du frère-206>,<les deux spectres des deux derniers Ravalet-155>
<nous-92>,<je-1>,<Marguerite-170>,<les deux spectres des deux derniers Ravalet-155>
<--93>,<je-1>,<Marguite-210>,<les deux spectres des deux derniers Ravalet-155>
<nous-92>,<je-1>,<Marguerite-211>,<ces gens tranquilles-158>
<Les monstres-95>,<je-1>,<du frère-206>,<L' un deux-159>
<Les monstres-95>,<je-1>,<du frère-206>,<L' un deux-159>
<deux enfants de la plus pure beauté-96>,<qui-8>,<qui-212>,<une Ravalet-162>
<deux enfants de la plus pure beauté-96>,<je-1>,<du frère-206>,<une Ravalet-162>
<aux Ravalet-86>,<qui-8>,<Marguerite-170>,<L' un deux-159>
<aux Ravalet-86>,<je-1>,<je-205>,<une Ravalet-162>
<en-98>,<je-1>,<Marguerite-170>,<les deux spectres des deux derniers Ravalet-155>
<deux enfants de la plus pure beauté-96>,<je-1>,<Marguerite-170>,<les deux spectres des deux derniers Ravalet-155>
<deux enfants de la plus pure beauté-96>,<je-1>,<Marguerite-170>,<Ceux - là-146>
<deux enfants de la plus pure beauté-96>,<ces fantômes-9>,<Marguerite-170>,<Ceux - là-146>
<deux enfants de la plus pure beauté-96>,<ces fantômes-9>,<du frère-206>,<Ceux - là-146>
<ses-99>,<ces fantômes-9>,<du frère-206>,<Ceux - là-146>
<Julien et Marguerite de Ravalet-100>,<je-1>,<un jeune homme noble-207>,<Ceux - là-146>
<Marguerite de Ravalet-101>,<je-1>,<du frère-206>,<architectes-149>
<deux enfants de la plus pure beauté-96>,<je-1>,<Marguerite-170>,<Ceux - là-146>
<deux enfants de la plus pure beauté-96>,<je-1>,<Marguite-210>,<Armide elle - même-152>
<Il-102>,<je-1>,<Marguerite-211>,<Armide elle - même-152>
<Il-102>,<je-1>,<du frère-206>,<Armide-154>
<deux enfants de la plus pure beauté-96>,<je-1>,<du frère-206>,<Ceux - là-146>
<deux enfants de la plus pure beauté-96>,<qui-8>,<qui-212>,<les deux spectres des deux derniers Ravalet-155>
<deux enfants de la plus pure beauté-96>,<je-1>,<du frère-206>,<des deux derniers Ravalet-156>
<deux enfants de la plus pure beauté-96>,<qui-8>,<Marguerite-170>,<les deux spectres des deux derniers Ravalet-155>
<deux enfants de la plus pure beauté-96>,<je-1>,<je-205>,<les deux spectres des deux derniers Ravalet-155>
<--93>,<je-1>,<Marguerite-170>,<les deux spectres des deux derniers Ravalet-155>
<nous-92>,<je-1>,<Marguerite-170>,<les deux spectres des deux derniers Ravalet-155>
<Les monstres-95>,<je-1>,<Marguerite-170>,<ces gens tranquilles-158>
<Les monstres-95>,<ces fantômes-9>,<Marguerite-170>,<L' un deux-159>
<deux enfants de la plus pure beauté-96>,<ces fantômes-9>,<du frère-206>,<L' un deux-159>
<deux enfants de la plus pure beauté-96>,<ces fantômes-9>,<Marguerite-170>,<une Ravalet-162>
<aux Ravalet-86>,<nous-11>,<du frère-206>,<une Ravalet-162>
<aux Ravalet-86>,<ces fantômes-9>,<Marguerite-170>,<L' un deux-159>
<en-98>,<je-1>,<Marguerite-170>,<une Ravalet-162>
<deux enfants de la plus pure beauté-96>,<je-1>,<du frère-206>,<les deux spectres des deux derniers Ravalet-155>
<deux enfants de la plus pure beauté-96>,<je-1>,<du frère-206>,<les deux spectres des deux derniers Ravalet-155>
<deux enfants de la plus pure beauté-96>,<je-1>,<qui-212>,<moi-163>
<deux enfants de la plus pure beauté-96>,<je-1>,<du frère-206>,<moi-163>
<ses-99>,<je-1>,<Marguerite-170>,<Ceux - là-146>
<Julien et Marguerite de Ravalet-100>,<je-1>,<je-205>,<Ceux - là-146>
<Marguerite de Ravalet-101>,<qui-8>,<Marguerite-170>,<Ceux - là-146>
<deux enfants de la plus pure beauté-96>,<je-1>,<Marguerite-170>,<Ceux - là-146>
<deux enfants de la plus pure beauté-96>,<qui-8>,<Marguerite-170>,<Ceux - là-146>
<Il-102>,<je-1>,<Marguerite-170>,<architectes-149>
<Il-102>,<je-1>,<du frère-206>,<Ceux - là-146>
<deux enfants de la plus pure beauté-96>,<je-1>,<Marguerite-170>,<Armide elle - même-152>
<deux enfants de la plus pure beauté-96>,<je-1>,<du frère-206>,<Armide elle - même-152>
<deux enfants de la plus pure beauté-96>,<ces fantômes-9>,<Marguerite-170>,<Armide-154>
<deux enfants de la plus pure beauté-96>,<ces fantômes-9>,<Marguerite-170>,<Ceux - là-146>
<deux enfants de la plus pure beauté-96>,<ces fantômes-9>,<du frère-206>,<les deux spectres des deux derniers Ravalet-155>
<nous-92>,<nous-11>,<Marguerite-170>,<des deux derniers Ravalet-156>
<Les monstres-95>,<ces fantômes-9>,<Marguerite-170>,<les deux spectres des deux derniers Ravalet-155>
<Les monstres-95>,<nous-11>,<Marguerite-170>,<les deux spectres des deux derniers Ravalet-155>
<deux enfants de la plus pure beauté-96>,<ces fantômes-9>,<du frère-206>,<les deux spectres des deux derniers Ravalet-155>
<deux enfants de la plus pure beauté-96>,<nous-11>,<Marguerite-170>,<les deux spectres des deux derniers Ravalet-155>
<aux Ravalet-86>,<je-1>,<du frère-206>,<ces gens tranquilles-158>
<aux Ravalet-86>,<je-1>,<Marguerite-170>,<L' un deux-159>
<en-98>,<je-1>,<Marguerite-170>,<L' un deux-159>
<deux enfants de la plus pure beauté-96>,<je-1>,<du frère-206>,<une Ravalet-162>
<deux enfants de la plus pure beauté-96>,<je-1>,<du frère-206>,<une Ravalet-162>
<deux enfants de la plus pure beauté-96>,<je-1>,<Marguerite-170>,<L' un deux-159>
<deux enfants de la plus pure beauté-96>,<je-1>,<je-205>,<une Ravalet-162>
<ses-99>,<qui-8>,<Marguerite-170>,<les deux spectres des deux derniers Ravalet-155>
<Julien et Marguerite de Ravalet-100>,<je-1>,<Marguerite-170>,<les deux spectres des deux derniers Ravalet-155>
<Marguerite de Ravalet-101>,<qui-8>,<Marguerite-170>,<moi-163>
<deux enfants de la plus pure beauté-96>,<je-1>,<Marguerite-170>,<moi-163>
<deux enfants de la plus pure beauté-96>,<je-1>,<du frère-206>,<les deux spectres des deux derniers Ravalet-155>
<Il-102>,<je-1>,<Marguerite-170>,<des deux derniers Ravalet-156>
<Il-102>,<je-1>,<du frère-206>,<les deux spectres des deux derniers Ravalet-155>
<deux enfants de la plus pure beauté-96>,<ces fantômes-9>,<Marguerite-170>,<les deux spectres des deux derniers Ravalet-155>
<deux enfants de la plus pure beauté-96>,<ces fantômes-9>,<Marguerite-170>,<les deux spectres des deux derniers Ravalet-155>
<deux enfants de la plus pure beauté-96>,<ces fantômes-9>,<du frère-206>,<les deux spectres des deux derniers Ravalet-155>
<deux enfants de la plus pure beauté-96>,<nous-11>,<Marguerite-170>,<ces gens tranquilles-158>
<deux enfants de la plus pure beauté-96>,<ces fantômes-9>,<Marguerite-170>,<L' un deux-159>
<deux enfants de la plus pure beauté-96>,<nous-11>,<Marguerite-170>,<L' un deux-159>
<Les monstres-95>,<ces fantômes-9>,<du frère-206>,<une Ravalet-162>
<Les monstres-95>,<nous-11>,<Marguerite-170>,<une Ravalet-162>
<deux enfants de la plus pure beauté-96>,<je-1>,<du frère-206>,<L' un deux-159>
<deux enfants de la plus pure beauté-96>,<je-1>,<Marguerite-170>,<une Ravalet-162>
<aux Ravalet-86>,<je-1>,<Marguerite-170>,<les deux spectres des deux derniers Ravalet-155>
<aux Ravalet-86>,<je-1>,<du frère-206>,<les deux spectres des deux derniers Ravalet-155>
<en-98>,<je-1>,<du frère-206>,<moi-163>
<deux enfants de la plus pure beauté-96>,<je-1>,<du frère-206>,<moi-163>
<deux enfants de la plus pure beauté-96>,<qui-8>,<du frère-206>,<moi-163>
<deux enfants de la plus pure beauté-96>,<je-1>,<Marguerite-170>,<moi-163>
<deux enfants de la plus pure beauté-96>,<qui-8>,<Marguerite-170>,<les deux spectres des deux derniers Ravalet-155>
<ses-99>,<je-1>,<je-205>,<les deux spectres des deux derniers Ravalet-155>
<Julien et Marguerite de Ravalet-100>,<je-1>,<Marguerite-170>,<moi-163>
<Marguerite de Ravalet-101>,<je-1>,<Marguerite-170>,<moi-163>
<deux enfants de la plus pure beauté-96>,<je-1>,<Marguerite-170>,<les deux spectres des deux derniers Ravalet-155>
<deux enfants de la plus pure beauté-96>,<ces fantômes-9>,<Marguerite-170>,<les deux spectres des deux derniers Ravalet-155>
<Il-102>,<ces fantômes-9>,<du frère-206>,<les deux spectres des deux derniers Ravalet-155>
<Il-102>,<ces fantômes-9>,<Marguerite-170>,<les deux spectres des deux derniers Ravalet-155>
<deux enfants de la plus pure beauté-96>,<nous-11>,<du frère-206>,<moi-163>
<deux enfants de la plus pure beauté-96>,<ces fantômes-9>,<Marguerite-170>,<les deux spectres des deux derniers Ravalet-155>
<deux enfants de la plus pure beauté-96>,<nous-11>,<Marguerite-170>,<les deux spectres des deux derniers Ravalet-155>
<deux enfants de la plus pure beauté-96>,<ces fantômes-9>,<du frère-206>,<les deux spectres des deux derniers Ravalet-155>
<deux enfants de la plus pure beauté-96>,<nous-11>,<Marguerite-170>,<les deux spectres des deux derniers Ravalet-155>
<deux enfants de la plus pure beauté-96>,<ces fantômes-9>,<Marguerite-170>,<les deux spectres des deux derniers Ravalet-155>
<deux enfants de la plus pure beauté-96>,<nous-11>,<Marguerite-170>,<les deux spectres des deux derniers Ravalet-155>
<deux enfants de la plus pure beauté-96>,<je-1>,<du frère-206>,<ces gens tranquilles-158>
<deux enfants de la plus pure beauté-96>,<je-1>,<Marguerite-170>,<L' un deux-159>
<leur temps-104>,<je-1>,<du frère-206>,<L' un deux-159>
<aux Ravalet-86>,<je-1>,<Marguerite-170>,<une Ravalet-162>
<aux Ravalet-86>,<je-1>,<Marguerite-170>,<une Ravalet-162>
<en-98>,<je-1>,<du frère-206>,<L' un deux-159>
<deux enfants de la plus pure beauté-96>,<qui-8>,<du frère-206>,<une Ravalet-162>
<deux enfants de la plus pure beauté-96>,<je-1>,<du frère-206>,<les deux spectres des deux derniers Ravalet-155>
<deux enfants de la plus pure beauté-96>,<qui-8>,<du frère-206>,<les deux spectres des deux derniers Ravalet-155>
<deux enfants de la plus pure beauté-96>,<je-1>,<Marguerite-170>,<moi-163>
<ses-99>,<je-1>,<Marguerite-170>,<moi-163>
<Julien et Marguerite de Ravalet-100>,<je-1>,<du frère-206>,<moi-163>
<Marguerite de Ravalet-101>,<je-1>,<Marguerite-170>,<moi-163>
<deux enfants de la plus pure beauté-96>,<ces fantômes-9>,<du frère-206>,<les deux spectres des deux derniers Ravalet-155>
<deux enfants de la plus pure beauté-96>,<ces fantômes-9>,<Marguerite-170>,<les deux spectres des deux derniers Ravalet-155>
<Il-102>,<ces fantômes-9>,<Marguerite-170>,<moi-163>
<Il-102>,<nous-11>,<Marguerite-170>,<moi-163>
<deux enfants de la plus pure beauté-96>,<ces fantômes-9>,<du frère-206>,<les deux spectres des deux derniers Ravalet-155>
<deux enfants de la plus pure beauté-96>,<nous-11>,<Marguerite-170>,<les deux spectres des deux derniers Ravalet-155>
<deux enfants de la plus pure beauté-96>,<ces fantômes-9>,<du frère-206>,<les deux spectres des deux derniers Ravalet-155>
<deux enfants de la plus pure beauté-96>,<nous-11>,<Marguerite-170>,<les deux spectres des deux derniers Ravalet-155>
<deux enfants de la plus pure beauté-96>,<ces fantômes-9>,<Marguerite-170>,<moi-163>
<deux enfants de la plus pure beauté-96>,<nous-11>,<du frère-206>,<les deux spectres des deux derniers Ravalet-155>
<deux enfants de la plus pure beauté-96>,<je-1>,<Marguerite-170>,<les deux spectres des deux derniers Ravalet-155>
<deux enfants de la plus pure beauté-96>,<ces fantômes-9>,<Marguerite-170>,<moi-163>
<deux enfants de la plus pure beauté-96>,<je-1>,<Marguerite-170>,<les deux spectres des deux derniers Ravalet-155>
<leur temps-104>,<je-1>,<du frère-206>,<ces gens tranquilles-158>
<deux enfants de la plus pure beauté-96>,<je-1>,<Marguerite-170>,<L' un deux-159>
<aux Ravalet-86>,<je-1>,<du frère-206>,<L' un deux-159>
<aux Ravalet-86>,<je-1>,<Marguerite-170>,<une Ravalet-162>
<en-98>,<qui-8>,<Marguerite-170>,<une Ravalet-162>
<deux enfants de la plus pure beauté-96>,<je-1>,<du frère-206>,<L' un deux-159>
<deux enfants de la plus pure beauté-96>,<qui-8>,<du frère-206>,<une Ravalet-162>
<deux enfants de la plus pure beauté-96>,<je-1>,<du frère-206>,<les deux spectres des deux derniers Ravalet-155>
<deux enfants de la plus pure beauté-96>,<je-1>,<du frère-206>,<les deux spectres des deux derniers Ravalet-155>
<ses-99>,<je-1>,<Marguerite-170>,<moi-163>
<Julien et Marguerite de Ravalet-100>,<je-1>,<Marguerite-170>,<moi-163>
<Marguerite de Ravalet-101>,<ces fantômes-9>,<du frère-206>,<moi-163>
<deux enfants de la plus pure beauté-96>,<ces fantômes-9>,<Marguerite-170>,<moi-163>
<deux enfants de la plus pure beauté-96>,<ces fantômes-9>,<du frère-206>,<les deux spectres des deux derniers Ravalet-155>
<Il-102>,<nous-11>,<du frère-206>,<les deux spectres des deux derniers Ravalet-155>
<Il-102>,<ces fantômes-9>,<Marguerite-170>,<moi-163>
<deux enfants de la plus pure beauté-96>,<nous-11>,<du frère-206>,<moi-163>
<deux enfants de la plus pure beauté-96>,<ces fantômes-9>,<Marguerite-170>,<les deux spectres des deux derniers Ravalet-155>
<deux enfants de la plus pure beauté-96>,<nous-11>,<Marguerite-170>,<les deux spectres des deux derniers Ravalet-155>
<deux enfants de la plus pure beauté-96>,<ces fantômes-9>,<Marguerite-170>,<les deux spectres des deux derniers Ravalet-155>
<deux enfants de la plus pure beauté-96>,<nous-11>,<Marguerite-170>,<les deux spectres des deux derniers Ravalet-155>
<deux enfants de la plus pure beauté-96>,<je-1>,<du frère-206>,<moi-163>
<deux enfants de la plus pure beauté-96>,<ces fantômes-9>,<Marguerite-170>,<les deux spectres des deux derniers Ravalet-155>
<deux enfants de la plus pure beauté-96>,<je-1>,<du frère-206>,<les deux spectres des deux derniers Ravalet-155>
<deux enfants de la plus pure beauté-96>,<je-1>,<Marguerite-170>,<moi-163>
<leur temps-104>,<je-1>,<Marguerite-170>,<les deux spectres des deux derniers Ravalet-155>
<deux enfants de la plus pure beauté-96>,<je-1>,<du frère-206>,<moi-163>
<aux Ravalet-86>,<qui-8>,<Marguerite-170>,<les deux spectres des deux derniers Ravalet-155>
<en-98>,<je-1>,<Marguerite-170>,<L' un deux-159>
<deux enfants de la plus pure beauté-96>,<qui-8>,<Marguerite-170>,<L' un deux-159>
<deux enfants de la plus pure beauté-96>,<je-1>,<du frère-206>,<une Ravalet-162>
<deux enfants de la plus pure beauté-96>,<je-1>,<Marguerite-170>,<une Ravalet-162>
<deux enfants de la plus pure beauté-96>,<je-1>,<du frère-206>,<L' un deux-159>
<ses-99>,<je-1>,<Marguerite-170>,<une Ravalet-162>
<Julien et Marguerite de Ravalet-100>,<ces fantômes-9>,<Marguerite-170>,<les deux spectres des deux derniers Ravalet-155>
<Marguerite de Ravalet-101>,<ces fantômes-9>,<du frère-206>,<les deux spectres des deux derniers Ravalet-155>
<deux enfants de la plus pure beauté-96>,<ces fantômes-9>,<du frère-206>,<moi-163>
<deux enfants de la plus pure beauté-96>,<nous-11>,<du frère-206>,<moi-163>
<Il-102>,<ces fantômes-9>,<du frère-206>,<moi-163>
<Il-102>,<nous-11>,<Marguerite-170>,<moi-163>
<deux enfants de la plus pure beauté-96>,<ces fantômes-9>,<Marguerite-170>,<les deux spectres des deux derniers Ravalet-155>
<deux enfants de la plus pure beauté-96>,<nous-11>,<du frère-206>,<les deux spectres des deux derniers Ravalet-155>
<deux enfants de la plus pure beauté-96>,<ces fantômes-9>,<Marguerite-170>,<moi-163>
<deux enfants de la plus pure beauté-96>,<nous-11>,<du frère-206>,<moi-163>
<deux enfants de la plus pure beauté-96>,<je-1>,<du frère-206>,<les deux spectres des deux derniers Ravalet-155>
<deux enfants de la plus pure beauté-96>,<ces fantômes-9>,<Marguerite-170>,<les deux spectres des deux derniers Ravalet-155>
<deux enfants de la plus pure beauté-96>,<ces fantômes-9>,<du frère-206>,<les deux spectres des deux derniers Ravalet-155>
<deux enfants de la plus pure beauté-96>,<je-1>,<Marguerite-170>,<les deux spectres des deux derniers Ravalet-155>
<deux enfants de la plus pure beauté-96>,<je-1>,<du frère-206>,<moi-163>
<leur temps-104>,<je-1>,<Marguerite-170>,<les deux spectres des deux derniers Ravalet-155>
<deux enfants de la plus pure beauté-96>,<je-1>,<du frère-206>,<les deux spectres des deux derniers Ravalet-155>
<deux enfants de la plus pure beauté-96>,<ces fantômes-9>,<Marguerite-170>,<moi-163>
<en-98>,<ces fantômes-9>,<Marguerite-170>,<les deux spectres des deux derniers Ravalet-155>
<deux enfants de la plus pure beauté-96>,<ces fantômes-9>,<du frère-206>,<moi-163>
<deux enfants de la plus pure beauté-96>,<nous-11>,<Marguerite-170>,<les deux spectres des deux derniers Ravalet-155>
<deux enfants de la plus pure beauté-96>,<ces fantômes-9>,<Marguerite-170>,<L' un deux-159>
<deux enfants de la plus pure beauté-96>,<nous-11>,<Marguerite-170>,<une Ravalet-162>
<ses-99>,<ces fantômes-9>,<du frère-206>,<une Ravalet-162>
<Julien et Marguerite de Ravalet-100>,<nous-11>,<Marguerite-170>,<L' un deux-159>
<Marguerite de Ravalet-101>,<ces fantômes-9>,<du frère-206>,<une Ravalet-162>
<deux enfants de la plus pure beauté-96>,<nous-11>,<Marguerite-170>,<les deux spectres des deux derniers Ravalet-155>
<deux enfants de la plus pure beauté-96>,<je-1>,<Marguerite-170>,<les deux spectres des deux derniers Ravalet-155>
<Il-102>,<ces fantômes-9>,<du frère-206>,<moi-163>
<Il-102>,<ces fantômes-9>,<du frère-206>,<moi-163>
<deux enfants de la plus pure beauté-96>,<ces fantômes-9>,<du frère-206>,<moi-163>
<deux enfants de la plus pure beauté-96>,<je-1>,<du frère-206>,<moi-163>
<deux enfants de la plus pure beauté-96>,<ces fantômes-9>,<Marguerite-170>,<les deux spectres des deux derniers Ravalet-155>
<deux enfants de la plus pure beauté-96>,<ces fantômes-9>,<Marguerite-170>,<les deux spectres des deux derniers Ravalet-155>
<deux enfants de la plus pure beauté-96>,<je-1>,<du frère-206>,<moi-163>
<deux enfants de la plus pure beauté-96>,<ces fantômes-9>,<Marguerite-170>,<moi-163>
<deux enfants de la plus pure beauté-96>,<de rares passants-19>,<du frère-206>,<les deux spectres des deux derniers Ravalet-155>
<deux enfants de la plus pure beauté-96>,<je-1>,<du frère-206>,<les deux spectres des deux derniers Ravalet-155>
<deux enfants de la plus pure beauté-96>,<je-1>,<Marguerite-170>,<les deux spectres des deux derniers Ravalet-155>
<leur temps-104>,<ces fantômes-9>,<du frère-206>,<les deux spectres des deux derniers Ravalet-155>
<deux enfants de la plus pure beauté-96>,<ces fantômes-9>,<Marguerite-170>,<moi-163>
<deux enfants de la plus pure beauté-96>,<ces fantômes-9>,<Marguerite-170>,<les deux spectres des deux derniers Ravalet-155>
<Julien et Marguerite de Ravalet-100>,<nous-11>,<Marguerite-170>,<les deux spectres des deux derniers Ravalet-155>
<Marguerite de Ravalet-106>,<ces fantômes-9>,<Mme d' Esmondeville-215>,<moi-163>
<deux enfants de la plus pure beauté-96>,<nous-11>,<Mme d' Esmondeville-215>,<les deux spectres des deux derniers Ravalet-155>
<deux enfants de la plus pure beauté-96>,<ces fantômes-9>,<Marguerite-170>,<moi-163>
<deux enfants de la plus pure beauté-96>,<nous-11>,<Marguerite-170>,<les deux spectres des deux derniers Ravalet-155>
<deux enfants de la plus pure beauté-96>,<ces fantômes-9>,<du frère-206>,<une Ravalet-162>
<deux enfants de la plus pure beauté-96>,<nous-11>,<Marguerite-170>,<une Ravalet-162>
<ses-99>,<je-1>,<Marguerite-170>,<L' un deux-159>
<Julien et Marguerite de Ravalet-100>,<ces fantômes-9>,<du frère-206>,<une Ravalet-162>
<Marguerite de Ravalet-101>,<ces fantômes-9>,<Marguerite-170>,<les deux spectres des deux derniers Ravalet-155>
<deux enfants de la plus pure beauté-96>,<ces fantômes-9>,<Marguerite-170>,<les deux spectres des deux derniers Ravalet-155>
<deux enfants de la plus pure beauté-96>,<je-1>,<Marguerite-170>,<moi-163>
<Il-102>,<ces fantômes-9>,<du frère-206>,<moi-163>
<Il-102>,<ces fantômes-9>,<Marguerite-170>,<moi-163>
<deux enfants de la plus pure beauté-96>,<je-1>,<du frère-206>,<moi-163>
<deux enfants de la plus pure beauté-96>,<ces fantômes-9>,<Marguerite-170>,<les deux spectres des deux derniers Ravalet-155>
<deux enfants de la plus pure beauté-96>,<de rares passants-19>,<Marguerite-170>,<les deux spectres des deux derniers Ravalet-155>
<deux enfants de la plus pure beauté-96>,<je-1>,<du frère-206>,<moi-163>
<deux enfants de la plus pure beauté-96>,<je-1>,<du frère-206>,<moi-163>
<deux enfants de la plus pure beauté-96>,<je-1>,<du frère-206>,<les deux spectres des deux derniers Ravalet-155>
<deux enfants de la plus pure beauté-96>,<de rares passants-19>,<du frère-206>,<les deux spectres des deux derniers Ravalet-155>
<deux enfants de la plus pure beauté-96>,<je-1>,<Marguerite-170>,<les deux spectres des deux derniers Ravalet-155>
<deux enfants de la plus pure beauté-96>,<de rares passants-19>,<Marguerite-170>,<les deux spectres des deux derniers Ravalet-155>
<leur temps-104>,<je-1>,<du frère-206>,<moi-163>
<deux enfants de la plus pure beauté-96>,<je-1>,<Marguerite-170>,<les deux spectres des deux derniers Ravalet-155>
<deux enfants de la plus pure beauté-96>,<tout un monde-22>,<du frère-206>,<les deux spectres des deux derniers Ravalet-155>
<Julien et Marguerite de Ravalet-100>,<tout un monde-22>,<du frère-206>,<moi-163>
<Marguerite de Ravalet-106>,<tout un monde-22>,<Marguerite-170>,<les deux spectres des deux derniers Ravalet-155>
<deux enfants de la plus pure beauté-96>,<nous-11>,<du frère-206>,<moi-163>
<deux enfants de la plus pure beauté-96>,<ces fantômes-9>,<Marguerite-170>,<les deux spectres des deux derniers Ravalet-155>
<deux enfants de la plus pure beauté-96>,<nous-11>,<Marguerite-170>,<moi-163>
<deux enfants de la plus pure beauté-96>,<ces fantômes-9>,<Marguerite-170>,<les deux spectres des deux derniers Ravalet-155>
<deux enfants de la plus pure beauté-96>,<nous-11>,<Mme d' Esmondeville-215>,<une Ravalet-162>
<deux enfants de la plus pure beauté-96>,<je-1>,<Mme d' Esmondeville-215>,<une Ravalet-162>
<ses-99>,<ces fantômes-9>,<Marguerite-170>,<L' un deux-159>
<Julien et Marguerite de Ravalet-100>,<ces fantômes-9>,<Marguerite-170>,<une Ravalet-162>
<Marguerite de Ravalet-101>,<ces fantômes-9>,<messire Jean Le Fauconnier-216>,<les deux spectres des deux derniers Ravalet-155>
<deux enfants de la plus pure beauté-96>,<je-1>,<Marguerite-170>,<les deux spectres des deux derniers Ravalet-155>
<deux enfants de la plus pure beauté-96>,<ces fantômes-9>,<du frère-206>,<moi-163>
<Il-102>,<ces fantômes-9>,<Marguerite-170>,<moi-163>
<Il-102>,<je-1>,<Marguerite-170>,<moi-163>
<deux enfants de la plus pure beauté-96>,<ces fantômes-9>,<du frère-206>,<moi-163>
<deux enfants de la plus pure beauté-96>,<de rares passants-19>,<Marguerite-170>,<les deux spectres des deux derniers Ravalet-155>
<deux enfants de la plus pure beauté-96>,<je-1>,<Marguerite-170>,<les deux spectres des deux derniers Ravalet-155>
<deux enfants de la plus pure beauté-96>,<je-1>,<Marguerite-170>,<moi-163>
<deux enfants de la plus pure beauté-96>,<je-1>,<du frère-206>,<moi-163>
<deux enfants de la plus pure beauté-96>,<de rares passants-19>,<Marguerite-170>,<les deux spectres des deux derniers Ravalet-155>
<deux enfants de la plus pure beauté-96>,<je-1>,<du frère-206>,<les deux spectres des deux derniers Ravalet-155>
<deux enfants de la plus pure beauté-96>,<de rares passants-19>,<Marguerite-170>,<les deux spectres des deux derniers Ravalet-155>
<deux enfants de la plus pure beauté-96>,<je-1>,<Marguerite-170>,<les deux spectres des deux derniers Ravalet-155>
<leur temps-104>,<je-1>,<du frère-206>,<moi-163>
<deux enfants de la plus pure beauté-96>,<tout un monde-22>,<du frère-206>,<les deux spectres des deux derniers Ravalet-155>
<deux enfants de la plus pure beauté-96>,<tout un monde-22>,<du frère-206>,<les deux spectres des deux derniers Ravalet-155>
<Julien et Marguerite de Ravalet-100>,<tout un monde-22>,<du frère-206>,<moi-163>
<Marguerite de Ravalet-106>,<je-1>,<Marguerite-170>,<les deux spectres des deux derniers Ravalet-155>
<deux enfants de la plus pure beauté-96>,<tout un monde-22>,<Marguerite-170>,<moi-163>
<deux enfants de la plus pure beauté-96>,<je-1>,<du frère-206>,<les deux spectres des deux derniers Ravalet-155>
<deux enfants de la plus pure beauté-96>,<tout un monde-22>,<Marguerite-170>,<moi-163>
<deux enfants de la plus pure beauté-96>,<je-1>,<du frère-206>,<les deux spectres des deux derniers Ravalet-155>
<ses-99>,<nous-11>,<du frère-206>,<une Ravalet-162>
<Julien et Marguerite de Ravalet-100>,<ces fantômes-9>,<Marguerite-170>,<une Ravalet-162>
<Marguerite de Ravalet-101>,<nous-11>,<du frère-206>,<L' un deux-159>
<deux enfants de la plus pure beauté-96>,<je-1>,<Marguerite-170>,<une Ravalet-162>
<deux enfants de la plus pure beauté-96>,<ces fantômes-9>,<Marguerite-170>,<les deux spectres des deux derniers Ravalet-155>
<Il-102>,<ces fantômes-9>,<Marguerite-170>,<les deux spectres des deux derniers Ravalet-155>
<Il-102>,<ces fantômes-9>,<Mme d' Esmondeville-215>,<moi-163>
<deux enfants de la plus pure beauté-96>,<je-1>,<Mme d' Esmondeville-215>,<moi-163>
<deux enfants de la plus pure beauté-96>,<ces fantômes-9>,<Marguerite-170>,<moi-163>
<deux enfants de la plus pure beauté-96>,<ces fantômes-9>,<Marguerite-170>,<moi-163>
<deux enfants de la plus pure beauté-96>,<je-1>,<messire Jean Le Fauconnier-216>,<les deux spectres des deux derniers Ravalet-155>
<deux enfants de la plus pure beauté-96>,<ces fantômes-9>,<Marguerite-170>,<les deux spectres des deux derniers Ravalet-155>
<deux enfants de la plus pure beauté-96>,<de rares passants-19>,<du frère-206>,<moi-163>
<deux enfants de la plus pure beauté-96>,<je-1>,<Marguerite-170>,<moi-163>
<deux enfants de la plus pure beauté-96>,<je-1>,<Marguerite-170>,<les deux spectres des deux derniers Ravalet-155>
<deux enfants de la plus pure beauté-96>,<je-1>,<du frère-206>,<les deux spectres des deux derniers Ravalet-155>
<leur temps-104>,<de rares passants-19>,<Marguerite-170>,<les deux spectres des deux derniers Ravalet-155>
<deux enfants de la plus pure beauté-96>,<je-1>,<Marguerite-170>,<les deux spectres des deux derniers Ravalet-155>
<deux enfants de la plus pure beauté-96>,<de rares passants-19>,<Marguerite-170>,<moi-163>
<Julien et Marguerite de Ravalet-100>,<je-1>,<du frère-206>,<les deux spectres des deux derniers Ravalet-155>
<Marguerite de Ravalet-106>,<je-1>,<Marguerite-170>,<les deux spectres des deux derniers Ravalet-155>
<deux enfants de la plus pure beauté-96>,<tout un monde-22>,<du frère-206>,<moi-163>
<deux enfants de la plus pure beauté-96>,<tout un monde-22>,<Marguerite-170>,<les deux spectres des deux derniers Ravalet-155>
<deux enfants de la plus pure beauté-96>,<tout un monde-22>,<Marguerite-170>,<moi-163>
<deux enfants de la plus pure beauté-96>,<je-1>,<du frère-206>,<les deux spectres des deux derniers Ravalet-155>
<des Ravalet-107>,<tout un monde-22>,<du frère-206>,<moi-163>
<deux enfants de la plus pure beauté-96>,<je-1>,<du frère-206>,<les deux spectres des deux derniers Ravalet-155>
<ses-99>,<tout un monde-22>,<du frère-206>,<les deux spectres des deux derniers Ravalet-155>
<Julien et Marguerite de Ravalet-100>,<je-1>,<Marguerite-170>,<une Ravalet-162>
<Marguerite de Ravalet-101>,<je-1>,<Marguerite-170>,<une Ravalet-162>
<deux enfants de la plus pure beauté-96>,<tout un monde-22>,<du frère-206>,<L' un deux-159>
<deux enfants de la plus pure beauté-96>,<tout un monde-22>,<Marguerite-170>,<une Ravalet-162>
<Il-102>,<ces fantômes-9>,<du frère-206>,<les deux spectres des deux derniers Ravalet-155>
<Il-102>,<nous-11>,<du frère-206>,<les deux spectres des deux derniers Ravalet-155>
<deux enfants de la plus pure beauté-96>,<je-1>,<Marguerite-170>,<moi-163>
<deux enfants de la plus pure beauté-96>,<ces fantômes-9>,<du frère-206>,<moi-163>
<deux enfants de la plus pure beauté-96>,<ces fantômes-9>,<Marguerite-170>,<moi-163>
<deux enfants de la plus pure beauté-96>,<ces fantômes-9>,<Marguerite-170>,<moi-163>
<deux enfants de la plus pure beauté-96>,<je-1>,<Marguerite-170>,<les deux spectres des deux derniers Ravalet-155>
<deux enfants de la plus pure beauté-96>,<ces fantômes-9>,<Mme d' Esmondeville-215>,<les deux spectres des deux derniers Ravalet-155>
<deux enfants de la plus pure beauté-96>,<ces fantômes-9>,<Mme d' Esmondeville-215>,<moi-163>
<deux enfants de la plus pure beauté-96>,<je-1>,<Marguerite-170>,<moi-163>
<deux enfants de la plus pure beauté-96>,<ces fantômes-9>,<Marguerite-170>,<les deux spectres des deux derniers Ravalet-155>
<leur temps-104>,<de rares passants-19>,<messire Jean Le Fauconnier-216>,<les deux spectres des deux derniers Ravalet-155>
<deux enfants de la plus pure beauté-96>,<je-1>,<Nous-218>,<les deux spectres des deux derniers Ravalet-155>
<deux enfants de la plus pure beauté-96>,<je-1>,<Marguerite-170>,<les deux spectres des deux derniers Ravalet-155>
<Julien et Marguerite de Ravalet-100>,<je-1>,<Marguerite-170>,<moi-163>
<Marguerite de Ravalet-106>,<de rares passants-19>,<du frère-206>,<les deux spectres des deux derniers Ravalet-155>
<deux enfants de la plus pure beauté-96>,<je-1>,<Marguerite-170>,<les deux spectres des deux derniers Ravalet-155>
<deux enfants de la plus pure beauté-96>,<de rares passants-19>,<Marguerite-170>,<moi-163>
<deux enfants de la plus pure beauté-96>,<je-1>,<Marguerite-170>,<les deux spectres des deux derniers Ravalet-155>
<deux enfants de la plus pure beauté-96>,<je-1>,<du frère-206>,<moi-163>
<des Ravalet-107>,<tout un monde-22>,<Marguerite-170>,<les deux spectres des deux derniers Ravalet-155>
<deux enfants de la plus pure beauté-96>,<tout un monde-22>,<du frère-206>,<moi-163>
<ses-99>,<tout un monde-22>,<Marguerite-170>,<les deux spectres des deux derniers Ravalet-155>
<Julien et Marguerite de Ravalet-100>,<je-1>,<Marguerite-170>,<les deux spectres des deux derniers Ravalet-155>
<Marguerite de Ravalet-101>,<tout un monde-22>,<du frère-206>,<une Ravalet-162>
<deux enfants de la plus pure beauté-96>,<je-1>,<du frère-206>,<une Ravalet-162>
<deux enfants de la plus pure beauté-96>,<tout un monde-22>,<du frère-206>,<L' un deux-159>
<Il-102>,<je-1>,<du frère-206>,<une Ravalet-162>
<Il-102>,<je-1>,<Marguerite-170>,<les deux spectres des deux derniers Ravalet-155>
<deux enfants de la plus pure beauté-96>,<tout un monde-22>,<Marguerite-170>,<les deux spectres des deux derniers Ravalet-155>
<deux enfants de la plus pure beauté-96>,<tout un monde-22>,<du frère-206>,<moi-163>
<deux enfants de la plus pure beauté-96>,<Hamlet-24>,<Marguerite-170>,<moi-163>
<deux enfants de la plus pure beauté-96>,<ces fantômes-9>,<du frère-206>,<moi-163>
<deux enfants de la plus pure beauté-96>,<ces fantômes-9>,<du frère-206>,<moi-163>
<deux enfants de la plus pure beauté-96>,<ces fantômes-9>,<Marguerite-170>,<les deux spectres des deux derniers Ravalet-155>
<deux enfants de la plus pure beauté-96>,<je-1>,<du frère-206>,<les deux spectres des deux derniers Ravalet-155>
<deux enfants de la plus pure beauté-96>,<ces fantômes-9>,<Marguerite-170>,<moi-163>
<deux enfants de la plus pure beauté-96>,<ces fantômes-9>,<Marguerite-170>,<moi-163>
<leur temps-104>,<je-1>,<Marguerite-170>,<les deux spectres des deux derniers Ravalet-155>
<deux enfants de la plus pure beauté-96>,<ces fantômes-9>,<Mme d' Esmondeville-215>,<les deux spectres des deux derniers Ravalet-155>
<deux enfants de la plus pure beauté-96>,<de rares passants-19>,<Mme d' Esmondeville-215>,<les deux spectres des deux derniers Ravalet-155>
<Julien et Marguerite de Ravalet-100>,<je-1>,<Marguerite-170>,<les deux spectres des deux derniers Ravalet-155>
<Marguerite de Ravalet-106>,<je-1>,<Marguerite-170>,<moi-163>
<deux enfants de la plus pure beauté-96>,<je-1>,<messire Jean Le Fauconnier-216>,<les deux spectres des deux derniers Ravalet-155>
<deux enfants de la plus pure beauté-96>,<de rares passants-19>,<Nous-218>,<les deux spectres des deux derniers Ravalet-155>
<deux enfants de la plus pure beauté-96>,<je-1>,<Marguerite-170>,<moi-163>
<deux enfants de la plus pure beauté-96>,<de rares passants-19>,<Marguerite-170>,<les deux spectres des deux derniers Ravalet-155>
<des Ravalet-107>,<je-1>,<du frère-206>,<moi-163>
<deux enfants de la plus pure beauté-96>,<je-1>,<Marguerite-170>,<les deux spectres des deux derniers Ravalet-155>
<Julien et Marguerite de Ravalet-100>,<tout un monde-22>,<Marguerite-170>,<moi-163>
<Marguerite de Ravalet-101>,<tout un monde-22>,<Marguerite-170>,<les deux spectres des deux derniers Ravalet-155>
<deux enfants de la plus pure beauté-96>,<tout un monde-22>,<du frère-206>,<les deux spectres des deux derniers Ravalet-155>
<deux enfants de la plus pure beauté-96>,<je-1>,<Marguerite-170>,<moi-163>
<Il-102>,<tout un monde-22>,<du frère-206>,<les deux spectres des deux derniers Ravalet-155>
<Il-102>,<je-1>,<Marguerite-170>,<moi-163>
<deux enfants de la plus pure beauté-96>,<tout un monde-22>,<Marguerite-170>,<moi-163>
<deux enfants de la plus pure beauté-96>,<je-1>,<du frère-206>,<moi-163>
<deux enfants de la plus pure beauté-96>,<je-1>,<du frère-206>,<moi-163>
<deux enfants de la plus pure beauté-96>,<tout un monde-22>,<du frère-206>,<les deux spectres des deux derniers Ravalet-155>
<deux enfants de la plus pure beauté-96>,<tout un monde-22>,<du frère-206>,<les deux spectres des deux derniers Ravalet-155>
<deux enfants de la plus pure beauté-96>,<Hamlet-24>,<Marguerite-170>,<moi-163>
<deux enfants de la plus pure beauté-96>,<Hamlet-24>,<Marguerite-170>,<moi-163>
<deux enfants de la plus pure beauté-96>,<tout un monde-22>,<du frère-206>,<les deux spectres des deux derniers Ravalet-155>
<deux enfants de la plus pure beauté-96>,<ces fantômes-9>,<Marguerite-170>,<les deux spectres des deux derniers Ravalet-155>
<leur temps-104>,<ces fantômes-9>,<du frère-206>,<les deux spectres des deux derniers Ravalet-155>
<deux enfants de la plus pure beauté-96>,<je-1>,<du frère-206>,<les deux spectres des deux derniers Ravalet-155>
<deux enfants de la plus pure beauté-96>,<ces fantômes-9>,<Marguerite-170>,<moi-163>
<Julien et Marguerite de Ravalet-100>,<ces fantômes-9>,<du frère-206>,<les deux spectres des deux derniers Ravalet-155>
<Marguerite de Ravalet-106>,<je-1>,<Marguerite-170>,<les deux spectres des deux derniers Ravalet-155>
<deux enfants de la plus pure beauté-96>,<ces fantômes-9>,<Marguerite-170>,<moi-163>
<deux enfants de la plus pure beauté-96>,<de rares passants-19>,<Marguerite-170>,<les deux spectres des deux derniers Ravalet-155>
<deux enfants de la plus pure beauté-96>,<je-1>,<Mme d' Esmondeville-215>,<moi-163>
<deux enfants de la plus pure beauté-96>,<je-1>,<Mme d' Esmondeville-215>,<les deux spectres des deux derniers Ravalet-155>
<des Ravalet-107>,<je-1>,<Marguerite-170>,<moi-163>
<deux enfants de la plus pure beauté-96>,<de rares passants-19>,<Marguerite-170>,<les deux spectres des deux derniers Ravalet-155>
<deux enfants de la plus pure beauté-96>,<je-1>,<messire Jean Le Fauconnier-216>,<les deux spectres des deux derniers Ravalet-155>
<deux enfants de la plus pure beauté-96>,<de rares passants-19>,<Nous-218>,<moi-163>
<Il-102>,<je-1>,<Marguerite-170>,<moi-163>
<Il-102>,<je-1>,<Marguerite-170>,<les deux spectres des deux derniers Ravalet-155>
<deux enfants de la plus pure beauté-96>,<tout un monde-22>,<Marguerite-170>,<moi-163>
<deux enfants de la plus pure beauté-96>,<tout un monde-22>,<du frère-206>,<les deux spectres des deux derniers Ravalet-155>
<deux enfants de la plus pure beauté-96>,<tout un monde-22>,<du frère-206>,<Marguerite-170>
<deux enfants de la plus pure beauté-96>,<je-1>,<Marguerite-170>,<moi-163>
<deux enfants de la plus pure beauté-96>,<tout un monde-22>,<Marguerite-170>,<moi-163>
<deux enfants de la plus pure beauté-96>,<je-1>,<Marguerite-170>,<moi-163>
<deux enfants de la plus pure beauté-96>,<tout un monde-22>,<du frère-206>,<les deux spectres des deux derniers Ravalet-155>
<deux enfants de la plus pure beauté-96>,<je-1>,<Marguerite-170>,<les deux spectres des deux derniers Ravalet-155>
<deux enfants de la plus pure beauté-96>,<je-1>,<du frère-206>,<moi-163>
<leur temps-104>,<tout un monde-22>,<Marguerite-170>,<moi-163>
<deux enfants de la plus pure beauté-96>,<tout un monde-22>,<Marguerite-170>,<les deux spectres des deux derniers Ravalet-155>
<deux enfants de la plus pure beauté-96>,<Hamlet-24>,<du frère-206>,<les deux spectres des deux derniers Ravalet-155>
<Julien et Marguerite de Ravalet-100>,<Hamlet-24>,<du frère-206>,<les deux spectres des deux derniers Ravalet-155>
<Marguerite de Ravalet-106>,<tout un monde-22>,<du frère-206>,<les deux spectres des deux derniers Ravalet-155>
<deux enfants de la plus pure beauté-96>,<tout un monde-22>,<du frère-206>,<moi-163>
<deux enfants de la plus pure beauté-96>,,<Marguerite-170>,<les deux spectres des deux derniers Ravalet-155>
<deux enfants de la plus pure beauté-96>,<ces fantômes-9>,<Marguerite-170>,<les deux spectres des deux derniers Ravalet-155>
<deux enfants de la plus pure beauté-96>,<ces fantômes-9>,<du frère-206>,<moi-163>
<des Ravalet-107>,<je-1>,<Marguerite-170>,<les deux spectres des deux derniers Ravalet-155>
<deux enfants de la plus pure beauté-96>,<ces fantômes-9>,<du frère-206>,<moi-163>
<deux enfants de la plus pure beauté-96>,<ces fantômes-9>,<du frère-206>,<les deux spectres des deux derniers Ravalet-155>
<deux enfants de la plus pure beauté-96>,<je-1>,<Marguerite-170>,<moi-163>
<deux enfants de la plus pure beauté-96>,<ces fantômes-9>,<du frère-206>,<les deux spectres des deux derniers Ravalet-155>
<deux enfants de la plus pure beauté-96>,<de rares passants-19>,<Marguerite-170>,<les deux spectres des deux derniers Ravalet-155>
<deux enfants de la plus pure beauté-96>,<je-1>,<Marguerite-170>,<moi-163>
<deux enfants de la plus pure beauté-96>,<je-1>,<Marguerite-170>,<moi-163>
<deux enfants de la plus pure beauté-96>,<je-1>,<Mme d' Esmondeville-215>,<les deux spectres des deux derniers Ravalet-155>
<deux enfants de la plus pure beauté-96>,<de rares passants-19>,<Mme d' Esmondeville-215>,<moi-163>
<deux enfants de la plus pure beauté-96>,<je-1>,<Marguerite-170>,<les deux spectres des deux derniers Ravalet-155>
<deux enfants de la plus pure beauté-96>,<de rares passants-19>,<Marguerite-170>,<Marguerite-170>
<leur temps-104>,<je-1>,<messire Jean Le Fauconnier-216>,<le frère-171>
<deux enfants de la plus pure beauté-96>,<je-1>,<Nous-218>,<Marguerite-170>
<deux enfants de la plus pure beauté-96>,<tout un monde-22>,<Marguerite-170>,<Marguerite-170>
<Julien et Marguerite de Ravalet-100>,<tout un monde-22>,<Marguerite-170>,<les deux spectres des deux derniers Ravalet-155>
<Marguerite de Ravalet-106>,<tout un monde-22>,<Marguerite-170>,<les deux spectres des deux derniers Ravalet-155>
<deux enfants de la plus pure beauté-96>,<je-1>,<du frère-206>,<les deux spectres des deux derniers Ravalet-155>
<deux enfants de la plus pure beauté-96>,<tout un monde-22>,<Marguerite-170>,<les deux spectres des deux derniers Ravalet-155>
<deux enfants de la plus pure beauté-96>,<je-1>,<du frère-206>,<moi-163>
<deux enfants de la plus pure beauté-96>,<tout un monde-22>,<Marguerite-170>,<les deux spectres des deux derniers Ravalet-155>
<des Ravalet-107>,<je-1>,<du frère-206>,<les deux spectres des deux derniers Ravalet-155>
<deux enfants de la plus pure beauté-96>,<je-1>,<Marguerite-170>,<moi-163>
<deux enfants de la plus pure beauté-96>,<tout un monde-22>,<Marguerite-170>,<les deux spectres des deux derniers Ravalet-155>
<il-108>,<tout un monde-22>,<du frère-206>,<moi-163>
<deux enfants de la plus pure beauté-96>,<Hamlet-24>,<du frère-206>,<les deux spectres des deux derniers Ravalet-155>
<deux enfants de la plus pure beauté-96>,<Hamlet-24>,<du frère-206>,<moi-163>
<deux enfants de la plus pure beauté-96>,<tout un monde-22>,<du frère-206>,<les deux spectres des deux derniers Ravalet-155>
<deux enfants de la plus pure beauté-96>,<tout un monde-22>,<Marguerite-170>,<les deux spectres des deux derniers Ravalet-155>
<deux enfants de la plus pure beauté-96>,,<Marguerite-170>,<moi-163>
<deux enfants de la plus pure beauté-96>,<ces fantômes-9>,<du frère-206>,<moi-163>
<deux enfants de la plus pure beauté-96>,<ces fantômes-9>,<Marguerite-170>,<les deux spectres des deux derniers Ravalet-155>
<deux enfants de la plus pure beauté-96>,<je-1>,<du frère-206>,<moi-163>
<deux enfants de la plus pure beauté-96>,<ces fantômes-9>,<du frère-206>,<les deux spectres des deux derniers Ravalet-155>
<deux enfants de la plus pure beauté-96>,<ces fantômes-9>,<Marguerite-170>,<Marguerite-170>
<leur temps-104>,<je-1>,<du frère-206>,<le frère-171>
<deux enfants de la plus pure beauté-96>,<ces fantômes-9>,<Marguerite-170>,<Marguerite-170>
<deux enfants de la plus pure beauté-96>,<de rares passants-19>,<Marguerite-170>,<Marguerite-170>
<Julien et Marguerite de Ravalet-100>,<je-1>,<Marguerite-170>,<les deux spectres des deux derniers Ravalet-155>
<Marguerite de Ravalet-106>,<je-1>,<Mme d' Esmondeville-215>,<Marguerite-170>
<deux enfants de la plus pure beauté-96>,<je-1>,<Mme d' Esmondeville-215>,<moi-163>
<deux enfants de la plus pure beauté-96>,<de rares passants-19>,<Marguerite-170>,<les deux spectres des deux derniers Ravalet-155>
<deux enfants de la plus pure beauté-96>,<je-1>,<Marguerite-170>,<moi-163>
<deux enfants de la plus pure beauté-96>,<de rares passants-19>,<messire Jean Le Fauconnier-216>,<les deux spectres des deux derniers Ravalet-155>
<des Ravalet-107>,<je-1>,<Nous-218>,<les deux spectres des deux derniers Ravalet-155>
<deux enfants de la plus pure beauté-96>,<je-1>,<Marguerite-170>,<moi-163>
<deux enfants de la plus pure beauté-96>,<tout un monde-22>,<Marguerite-170>,<les deux spectres des deux derniers Ravalet-155>
<il-108>,<tout un monde-22>,<Marguerite-170>,<moi-163>
<deux enfants de la plus pure beauté-96>,<tout un monde-22>,<du frère-206>,<les deux spectres des deux derniers Ravalet-155>
<deux enfants de la plus pure beauté-96>,<je-1>,<du frère-206>,<moi-163>
<deux enfants de la plus pure beauté-96>,<tout un monde-22>,<Marguerite-170>,<les deux spectres des deux derniers Ravalet-155>
<deux enfants de la plus pure beauté-96>,<je-1>,<du frère-206>,<les deux spectres des deux derniers Ravalet-155>
<lequel des deux-109>,<tout un monde-22>,<du frère-206>,<moi-163>
<deux enfants de la plus pure beauté-96>,<je-1>,<Marguerite-170>,<moi-163>
<lequel des deux-109>,<je-1>,<du frère-206>,<les deux spectres des deux derniers Ravalet-155>
<Marguerite de Ravalet-106>,<tout un monde-22>,<Marguerite-170>,<moi-163>
<deux enfants de la plus pure beauté-96>,<tout un monde-22>,<Marguerite-170>,<les deux spectres des deux derniers Ravalet-155>
<deux enfants de la plus pure beauté-96>,<Hamlet-24>,<Marguerite-170>,<Marguerite-170>
<deux enfants de la plus pure beauté-96>,<Hamlet-24>,<Mme d' Esmondeville-215>,<le frère-171>
<deux enfants de la plus pure beauté-96>,<tout un monde-22>,<Mme d' Esmondeville-215>,<Marguerite-170>
<deux enfants de la plus pure beauté-96>,<tout un monde-22>,<Marguerite-170>,<Marguerite-170>
<deux enfants de la plus pure beauté-96>,,<Marguerite-170>,<les deux spectres des deux derniers Ravalet-155>
<leur temps-104>,<tout un monde-22>,<messire Jean Le Fauconnier-216>,<Marguerite-170>
<deux enfants de la plus pure beauté-96>,<ces fantômes-9>,<Nous-218>,<moi-163>
<deux enfants de la plus pure beauté-96>,<ces fantômes-9>,<Marguerite-170>,<moi-163>
<Julien et Marguerite de Ravalet-100>,<je-1>,<Marguerite-170>,<moi-163>
<Marguerite de Ravalet-106>,<ces fantômes-9>,<Marguerite-170>,<les deux spectres des deux derniers Ravalet-155>
<deux enfants de la plus pure beauté-96>,<de rares passants-19>,<du frère-206>,<moi-163>
<deux enfants de la plus pure beauté-96>,<je-1>,<du frère-206>,<les deux spectres des deux derniers Ravalet-155>
<deux enfants de la plus pure beauté-96>,<je-1>,<Marguerite-170>,<moi-163>
<deux enfants de la plus pure beauté-96>,<je-1>,<Marguerite-170>,<les deux spectres des deux derniers Ravalet-155>
<des Ravalet-107>,<de rares passants-19>,<Marguerite-170>,<les deux spectres des deux derniers Ravalet-155>
<deux enfants de la plus pure beauté-96>,<je-1>,<Marguerite-170>,<moi-163>
<deux enfants de la plus pure beauté-96>,<de rares passants-19>,<du frère-206>,<moi-163>
<il-108>,<je-1>,<Mme d' Esmondeville-215>,<les deux spectres des deux derniers Ravalet-155>
<deux enfants de la plus pure beauté-96>,<je-1>,<Mme d' Esmondeville-215>,<moi-163>
<deux enfants de la plus pure beauté-96>,<tout un monde-22>,<du frère-206>,<les deux spectres des deux derniers Ravalet-155>
<deux enfants de la plus pure beauté-96>,<tout un monde-22>,<du frère-206>,<Marguerite-170>
<deux enfants de la plus pure beauté-96>,<tout un monde-22>,<du frère-206>,<le frère-171>
<lequel des deux-109>,<je-1>,<Marguerite-170>,<Marguerite-170>
<deux enfants de la plus pure beauté-96>,<tout un monde-22>,<Marguerite-170>,<Marguerite-170>
<lequel des deux-109>,<je-1>,<Marguerite-170>,<les deux spectres des deux derniers Ravalet-155>
<Marguerite de Ravalet-106>,<tout un monde-22>,<Mme d' Esmondeville-215>,<Marguerite-170>
<deux enfants de la plus pure beauté-96>,<je-1>,<Mme d' Esmondeville-215>,<moi-163>
<deux enfants de la plus pure beauté-96>,<je-1>,<Marguerite-170>,<moi-163>
<deux enfants de la plus pure beauté-96>,<tout un monde-22>,<Marguerite-170>,<eux-172>
<deux enfants de la plus pure beauté-96>,<tout un monde-22>,<messire Jean Le Fauconnier-216>,<eux-172>
<deux enfants de la plus pure beauté-96>,<Hamlet-24>,<Nous-218>,<deux amants-173>
<deux enfants de la plus pure beauté-96>,<Hamlet-24>,<Marguerite-170>,<deux amants-173>
<leur temps-104>,<tout un monde-22>,<Marguerite-170>,<deux amants-173>
<deux enfants de la plus pure beauté-96>,<tout un monde-22>,<Marguerite-170>,<deux amants-173>
<deux enfants de la plus pure beauté-96>,,<du frère-206>,<moi-163>
<Julien et Marguerite de Ravalet-100>,<tout un monde-22>,<du frère-206>,<les deux spectres des deux derniers Ravalet-155>
<Marguerite de Ravalet-106>,<je-1>,<Marguerite-170>,<moi-163>
<deux enfants de la plus pure beauté-96>,<deux autres-27>,<Marguerite-170>,<les deux spectres des deux derniers Ravalet-155>
<deux enfants de la plus pure beauté-96>,<deux autres-27>,<Marguerite-170>,<moi-163>
<deux enfants de la plus pure beauté-96>,<deux autres-27>,<Marguerite-170>,<les deux spectres des deux derniers Ravalet-155>
<deux enfants de la plus pure beauté-96>,<je-1>,<du frère-206>,<les deux spectres des deux derniers Ravalet-155>
<des Ravalet-107>,<ces fantômes-9>,<Mme d' Esmondeville-215>,<moi-163>
<deux enfants de la plus pure beauté-96>,<je-1>,<Mme d' Esmondeville-215>,<moi-163>
<deux enfants de la plus pure beauté-96>,<ces fantômes-9>,<du frère-206>,<les deux spectres des deux derniers Ravalet-155>
<il-108>,<de rares passants-19>,<du frère-206>,<moi-163>
<deux enfants de la plus pure beauté-96>,<je-1>,<une vieille-219>,<les deux spectres des deux derniers Ravalet-155>
<deux enfants de la plus pure beauté-96>,<je-1>,<du frère-206>,<Marguerite-170>
<deux enfants de la plus pure beauté-96>,<je-1>,<du frère-206>,<le frère-171>
<deux enfants de la plus pure beauté-96>,<de rares passants-19>,<du frère-206>,<Marguerite-170>
<lequel des deux-109>,<je-1>,<du frère-206>,<Marguerite-170>
<deux enfants de la plus pure beauté-96>,<de rares passants-19>,<Mme d' Esmondeville-215>,<les deux spectres des deux derniers Ravalet-155>
<lequel des deux-109>,<je-1>,<Marguerite-170>,<Marguerite-170>
<Marguerite de Ravalet-106>,<je-1>,<Marguerite-170>,<moi-163>
<deux enfants de la plus pure beauté-96>,<tout un monde-22>,<messire Jean Le Fauconnier-216>,<moi-163>
<deux enfants de la plus pure beauté-96>,<tout un monde-22>,<Nous-218>,<eux-172>
<deux enfants de la plus pure beauté-96>,<tout un monde-22>,<Marguerite-170>,<eux-172>
<deux enfants de la plus pure beauté-96>,<je-1>,<Marguerite-170>,<deux amants-173>
<deux enfants de la plus pure beauté-96>,<tout un monde-22>,<Marguerite-170>,<deux amants-173>
<leur temps-104>,<je-1>,<du frère-206>,<deux amants-173>
<deux enfants de la plus pure beauté-96>,<tout un monde-22>,<du frère-206>,<deux amants-173>
<deux enfants de la plus pure beauté-96>,<je-1>,<Marguerite-170>,<les deux spectres des deux derniers Ravalet-155>
<Julien et Marguerite de Ravalet-100>,<je-1>,<Marguerite-170>,<moi-163>
<Marguerite de Ravalet-106>,<tout un monde-22>,<Marguerite-170>,<les deux spectres des deux derniers Ravalet-155>
<deux enfants de la plus pure beauté-96>,<tout un monde-22>,<Marguerite-170>,<les deux spectres des deux derniers Ravalet-155>
<deux enfants de la plus pure beauté-96>,<Hamlet-24>,<du frère-206>,<moi-163>
<deux enfants de la plus pure beauté-96>,<Hamlet-24>,<Mme d' Esmondeville-215>,<moi-163>
<deux enfants de la plus pure beauté-96>,<tout un monde-22>,<Mme d' Esmondeville-215>,<les deux spectres des deux derniers Ravalet-155>
<des Ravalet-107>,<tout un monde-22>,<du frère-206>,<moi-163>
<deux enfants de la plus pure beauté-96>,,<du frère-206>,<les deux spectres des deux derniers Ravalet-155>
<deux enfants de la plus pure beauté-96>,<tout un monde-22>,<une vieille-219>,<Marguerite-170>
<il-108>,<je-1>,<du frère-206>,<le frère-171>
<deux enfants de la plus pure beauté-96>,<deux autres-27>,<du frère-206>,<Marguerite-170>
<deux enfants de la plus pure beauté-96>,<deux autres-27>,<du frère-206>,<Marguerite-170>
<deux enfants de la plus pure beauté-96>,<deux autres-27>,<du frère-206>,<les deux spectres des deux derniers Ravalet-155>
<deux enfants de la plus pure beauté-96>,<je-1>,<du frère-206>,<Marguerite-170>
<lequel des deux-109>,<je-1>,<une vieille-219>,<moi-163>
<deux enfants de la plus pure beauté-96>,<ces fantômes-9>,<on-223>,<moi-163>
<lequel des deux-109>,<de rares passants-19>,<du frère-206>,<eux-172>
<Marguerite de Ravalet-106>,<je-1>,<ce messire Le Fauconnier-224>,<eux-172>
<deux enfants de la plus pure beauté-96>,<je-1>,<du frère-206>,<deux amants-173>
<deux enfants de la plus pure beauté-96>,<je-1>,<Nous-218>,<deux amants-173>
<deux enfants de la plus pure beauté-96>,<de rares passants-19>,<Marguerite-170>,<deux amants-173>
<leur temps-104>,<je-1>,<Marguerite-170>,<deux amants-173>
<deux enfants de la plus pure beauté-96>,<de rares passants-19>,<Marguerite-170>,<un père-174>
<deux enfants de la plus pure beauté-96>,<je-1>,<du frère-206>,<un père-174>
<Julien et Marguerite de Ravalet-100>,<je-1>,<du frère-206>,<deux amants-173>
<Marguerite de Ravalet-106>,<tout un monde-22>,<Marguerite-170>,
<deux enfants de la plus pure beauté-96>,<tout un monde-22>,<Marguerite-170>,
<deux enfants de la plus pure beauté-96>,<tout un monde-22>,<Marguerite-170>,
<deux enfants de la plus pure beauté-96>,<je-1>,<Marguerite-170>,
<deux enfants de la plus pure beauté-96>,<tout un monde-22>,<du frère-206>,
<des Ravalet-107>,<je-1>,<Mme d' Esmondeville-215>,
<deux enfants de la plus pure beauté-96>,<tout un monde-22>,<Mme d' Esmondeville-215>,
<deux enfants de la plus pure beauté-96>,<je-1>,<du frère-206>,
<il-108>,<je-1>,<du frère-206>,
<deux enfants de la plus pure beauté-96>,<tout un monde-22>,<une vieille-219>,
<deux enfants de la plus pure beauté-96>,<tout un monde-22>,<du frère-206>,
<deux enfants de la plus pure beauté-96>,<Hamlet-24>,<du frère-206>,
<deux enfants de la plus pure beauté-96>,<Hamlet-24>,<du frère-206>,
<lequel des deux-109>,<tout un monde-22>,<du frère-206>,
<deux enfants de la plus pure beauté-96>,<tout un monde-22>,<du frère-206>,
<lequel des deux-109>,,<une vieille-219>,
<Marguerite de Ravalet-106>,<tout un monde-22>,<on-223>,
<deux enfants de la plus pure beauté-96>,<je-1>,<du frère-206>,
<deux enfants de la plus pure beauté-96>,<deux autres-27>,<ce messire Le Fauconnier-224>,
<deux enfants de la plus pure beauté-96>,<deux autres-27>,<du frère-206>,
<leur temps-104>,<deux autres-27>,<Nous-218>,
<deux enfants de la plus pure beauté-96>,<je-1>,<Marguerite-170>,
<deux enfants de la plus pure beauté-96>,<deux autres-27>,<Marguerite-170>,
<Julien et Marguerite de Ravalet-100>,<je-1>,<Marguerite-170>,
<Marguerite de Ravalet-106>,<ces fantômes-9>,<du frère-206>,
<deux enfants de la plus pure beauté-96>,<de rares passants-19>,<du frère-206>,
<deux enfants de la plus pure beauté-96>,<je-1>,<Marguerite-170>,
<deux enfants de la plus pure beauté-96>,<je-1>,<Marguerite-170>,
<deux enfants de la plus pure beauté-96>,<je-1>,<Marguerite-170>,
<des Ravalet-107>,<de rares passants-19>,<Marguerite-170>,
<deux enfants de la plus pure beauté-96>,<je-1>,<du frère-206>,
<deux enfants de la plus pure beauté-96>,<de rares passants-19>,<Mme d' Esmondeville-215>,
<il-108>,<je-1>,<Mme d' Esmondeville-215>,
<deux enfants de la plus pure beauté-96>,<je-1>,<du frère-206>,
<deux enfants de la plus pure beauté-96>,<tout un monde-22>,<du frère-206>,
<deux enfants de la plus pure beauté-96>,<tout un monde-22>,<une vieille-219>,
<deux enfants de la plus pure beauté-96>,<tout un monde-22>,<du frère-206>,
<lequel des deux-109>,<je-1>,<du frère-206>,
<deux enfants de la plus pure beauté-96>,<tout un monde-22>,<du frère-206>,
<lequel des deux-109>,<je-1>,<du frère-206>,
<Marguerite de Ravalet-106>,<tout un monde-22>,<du frère-206>,
<deux enfants de la plus pure beauté-96>,<je-1>,<une vieille-219>,
<deux enfants de la plus pure beauté-96>,<je-1>,<on-223>,
<Julien et Marguerite de Ravalet-100>,<tout un monde-22>,<du frère-206>,
<Marguerite de Ravalet-106>,<tout un monde-22>,<ce messire Le Fauconnier-224>,
<deux enfants de la plus pure beauté-96>,<Hamlet-24>,<du frère-206>,
<deux enfants de la plus pure beauté-96>,<Hamlet-24>,<du frère-206>,
<deux enfants de la plus pure beauté-96>,<tout un monde-22>,<du frère-206>,
<deux enfants de la plus pure beauté-96>,<tout un monde-22>,<Marguerite-170>,
<des Ravalet-107>,,<Marguerite-170>,
<deux enfants de la plus pure beauté-96>,<tout un monde-22>,<Marguerite-170>,
<deux enfants de la plus pure beauté-96>,<je-1>,<Marguerite-170>,
<il-108>,<deux autres-27>,<du frère-206>,
<deux enfants de la plus pure beauté-96>,<deux autres-27>,<Mme d' Esmondeville-215>,
<deux enfants de la plus pure beauté-96>,<deux autres-27>,<Mme d' Esmondeville-215>,
<deux enfants de la plus pure beauté-96>,<je-1>,<du frère-206>,
<deux enfants de la plus pure beauté-96>,<deux autres-27>,<du frère-206>,
<lequel des deux-109>,<je-1>,<une vieille-219>,
<deux enfants de la plus pure beauté-96>,<tout un monde-22>,<du frère-206>,
<lequel des deux-109>,<tout un monde-22>,<du frère-206>,
<Marguerite de Ravalet-106>,<je-1>,<du frère-206>,
<deux enfants de la plus pure beauté-96>,<tout un monde-22>,<du frère-206>,
<le fils exilé au loin-112>,<je-1>,<du frère-206>,
<Marguerite de Ravalet-106>,<tout un monde-22>,<une vieille-219>,
<le fils-113>,<je-1>,<on-223>,
<deux enfants de la plus pure beauté-96>,<je-1>,<du frère-206>,
<Julien et Marguerite de Ravalet-100>,<tout un monde-22>,<ce messire Le Fauconnier-224>,
<Marguerite de Ravalet-106>,<tout un monde-22>,<du frère-206>,
<deux enfants de la plus pure beauté-96>,<Hamlet-24>,<du frère-206>,
<deux enfants de la plus pure beauté-96>,<Hamlet-24>,<des enfants-225>,
<deux enfants de la plus pure beauté-96>,<tout un monde-22>,<des enfants-225>,
<deux enfants de la plus pure beauté-96>,<tout un monde-22>,<du frère-206>,
<des Ravalet-107>,,<du frère-206>,
<deux enfants de la plus pure beauté-96>,<tout un monde-22>,<du frère-206>,
<deux enfants de la plus pure beauté-96>,<je-1>,<Marguerite-170>,
<il-108>,<deux autres-27>,<Marguerite-170>,
<deux enfants de la plus pure beauté-96>,<deux autres-27>,<Marguerite-170>,
<deux enfants de la plus pure beauté-96>,<deux autres-27>,<Marguerite-170>,
<deux enfants de la plus pure beauté-96>,<je-1>,<du frère-206>,
<deux enfants de la plus pure beauté-96>,<deux autres-27>,<Mme d' Esmondeville-215>,
<lequel des deux-109>,<je-1>,<Mme d' Esmondeville-215>,
<deux enfants de la plus pure beauté-96>,<je-1>,<du frère-206>,
<lequel des deux-109>,<deux autres-27>,<du frère-206>,
<Marguerite de Ravalet-106>,<deux autres-27>,<une vieille-219>,
<deux enfants de la plus pure beauté-96>,<nous-30>,<du frère-206>,
<le fils exilé au loin-112>,<je-1>,<du frère-206>,
<Marguerite de Ravalet-106>,<tout un monde-22>,<du frère-206>,
<le fils-113>,<je-1>,<du frère-206>,
<deux enfants de la plus pure beauté-96>,<tout un monde-22>,<du frère-206>,
<Julien et Marguerite de Ravalet-100>,<je-1>,<une vieille-219>,
<Marguerite de Ravalet-106>,<je-1>,<on-223>,
<deux enfants de la plus pure beauté-96>,<tout un monde-22>,<du frère-206>,
<deux enfants de la plus pure beauté-96>,<tout un monde-22>,<ce messire Le Fauconnier-224>,
<deux enfants de la plus pure beauté-96>,<Hamlet-24>,<du frère-206>,
<deux enfants de la plus pure beauté-96>,<Hamlet-24>,<du frère-206>,
<des Ravalet-107>,<tout un monde-22>,<des enfants-225>,
<deux enfants de la plus pure beauté-96>,<tout un monde-22>,<des enfants-225>,
<deux enfants de la plus pure beauté-96>,,<du frère-206>,
<il-108>,<tout un monde-22>,<du frère-206>,
<deux enfants de la plus pure beauté-96>,<je-1>,<du frère-206>,
<deux enfants de la plus pure beauté-96>,<deux autres-27>,<Marguerite-170>,
<deux enfants de la plus pure beauté-96>,<deux autres-27>,<Marguerite-170>,
<deux enfants de la plus pure beauté-96>,<deux autres-27>,<Marguerite-170>,
<lequel des deux-109>,<je-1>,<Marguerite-170>,
<deux enfants de la plus pure beauté-96>,<deux autres-27>,<du frère-206>,
<lequel des deux-109>,<je-1>,<Mme d' Esmondeville-215>,
<Marguerite de Ravalet-106>,<je-1>,<Mme d' Esmondeville-215>,
<deux enfants de la plus pure beauté-96>,<deux autres-27>,<du frère-206>,
<le fils exilé au loin-112>,<deux autres-27>,<du frère-206>,
<Marguerite de Ravalet-106>,<nous-30>,<une vieille-219>,
<le fils-113>,<nous-30>,<du frère-206>,
<Julien et Marguerite de Ravalet-100>,<nous-30>,<du frère-206>,
<Marguerite de Ravalet-106>,<nous-30>,<du frère-206>,
<deux enfants de la plus pure beauté-96>,<je-1>,<du frère-206>,
<deux enfants de la plus pure beauté-96>,<tout un monde-22>,<du frère-206>,
<deux enfants de la plus pure beauté-96>,<tout un monde-22>,<une vieille-219>,
<deux enfants de la plus pure beauté-96>,<Hamlet-24>,<on-223>,
<des Ravalet-107>,<Hamlet-24>,<du frère-206>,
<deux enfants de la plus pure beauté-96>,<tout un monde-22>,<ce messire Le Fauconnier-224>,
<deux enfants de la plus pure beauté-96>,<tout un monde-22>,<du frère-206>,
<il-108>,,<du frère-206>,
<deux enfants de la plus pure beauté-96>,<tout un monde-22>,<des enfants-225>,
<deux enfants de la plus pure beauté-96>,<je-1>,<des enfants-225>,
<deux enfants de la plus pure beauté-96>,<deux autres-27>,<du frère-206>,
<deux enfants de la plus pure beauté-96>,<deux autres-27>,<du frère-206>,
<lequel des deux-109>,<deux autres-27>,<du frère-206>,
<deux enfants de la plus pure beauté-96>,<je-1>,<du frère-206>,
<lequel des deux-109>,<deux autres-27>,<Marguerite-170>,
<Marguerite de Ravalet-106>,<je-1>,<Marguerite-170>,
<deux enfants de la plus pure beauté-96>,<je-1>,<Marguerite-170>,
<le fils exilé au loin-112>,<deux autres-27>,<Marguerite-170>,
<Marguerite de Ravalet-106>,<deux autres-27>,<du frère-206>,
<le fils-113>,<nous-30>,<Mme d' Esmondeville-215>,
<le fils exilé au loin-112>,<nous-30>,<Mme d' Esmondeville-215>,
<deux enfants de la plus pure beauté-96>,<nous-30>,<du frère-206>,
<deux enfants de la plus pure beauté-96>,<nous-30>,<du frère-206>,
<deux enfants de la plus pure beauté-96>,<deux autres-27>,<une vieille-219>,
<deux enfants de la plus pure beauté-96>,<deux autres-27>,<du frère-206>,
<des Ravalet-107>,<je-1>,<du frère-206>,
<deux enfants de la plus pure beauté-96>,<je-1>,<du frère-206>,
<deux enfants de la plus pure beauté-96>,<tout un monde-22>,<du frère-206>,
<il-108>,<tout un monde-22>,<du frère-206>,
<deux enfants de la plus pure beauté-96>,<Hamlet-24>,<une vieille-219>,
<deux enfants de la plus pure beauté-96>,<Hamlet-24>,<on-223>,
<deux enfants de la plus pure beauté-96>,<tout un monde-22>,<du frère-206>,
<deux enfants de la plus pure beauté-96>,<tout un monde-22>,<ce messire Le Fauconnier-224>,
<lequel des deux-109>,,<du frère-206>,
<deux enfants de la plus pure beauté-96>,<tout un monde-22>,<du frère-206>,
<lequel des deux-109>,<je-1>,<des enfants-225>,
<Marguerite de Ravalet-106>,<deux autres-27>,<des enfants-225>,
<deux enfants de la plus pure beauté-96>,<deux autres-27>,<du frère-206>,
<le fils exilé au loin-112>,<deux autres-27>,<du frère-206>,
<Marguerite de Ravalet-106>,<je-1>,<du frère-206>,
<le fils-113>,<deux autres-27>,<le frère-227>,
<le fils exilé au loin-112>,<je-1>,<Marguerite-170>,
<le fils exilé au loin-112>,<je-1>,<Marguerite-170>,
<deux enfants de la plus pure beauté-96>,<deux autres-27>,<Marguerite-170>,
<deux enfants de la plus pure beauté-96>,<deux autres-27>,<Marguerite-170>,
<des Ravalet-107>,<nous-30>,<du frère-206>,
<deux enfants de la plus pure beauté-96>,<nous-30>,<Mme d' Esmondeville-215>,
<deux enfants de la plus pure beauté-96>,<nous-30>,<Mme d' Esmondeville-215>,
<il-108>,<nous-30>,<du frère-206>,
<deux enfants de la plus pure beauté-96>,<deux autres-27>,<du frère-206>,
<deux enfants de la plus pure beauté-96>,<deux autres-27>,<une vieille-219>,
<deux enfants de la plus pure beauté-96>,<je-1>,<du frère-206>,
<deux enfants de la plus pure beauté-96>,<je-1>,<du frère-206>,
<lequel des deux-109>,<je-1>,<du frère-206>,
<deux enfants de la plus pure beauté-96>,<deux autres-27>,<du frère-206>,
<lequel des deux-109>,<deux autres-27>,<du frère-206>,
<Marguerite de Ravalet-106>,<nous-30>,<une vieille-219>,
<deux enfants de la plus pure beauté-96>,<nous-30>,<on-223>,
<le fils exilé au loin-112>,<nous-30>,<du frère-206>,
<Marguerite de Ravalet-106>,<nous-30>,<ce messire Le Fauconnier-224>,
<le fils-113>,<deux autres-27>,<du frère-206>,
<le fils exilé au loin-112>,<deux autres-27>,<du frère-206>,
<le fils exilé au loin-112>,<je-1>,<des enfants-225>,
<deux enfants de la plus pure beauté-96>,<deux autres-27>,<des enfants-225>,
<deux enfants de la plus pure beauté-96>,<deux autres-27>,<du frère-206>,
<deux enfants de la plus pure beauté-96>,<je-1>,<du frère-206>,
<deux enfants de la plus pure beauté-96>,<je-1>,<du frère-206>,
<deux enfants de la plus pure beauté-96>,<je-1>,<le frère-227>,
<On-116>,<je-1>,<le frère-227>,
<lequel des deux-109>,,<le frère-227>,
<deux enfants de la plus pure beauté-96>,<des hommes-32>,<du frère-206>,
<lequel des deux-109>,<deux autres-27>,<Marguerite-170>,
<Marguerite de Ravalet-106>,<nous-30>,<Marguerite-170>,
<deux enfants de la plus pure beauté-96>,<nous-30>,<Marguerite-170>,
<le fils exilé au loin-112>,<nous-30>,<du frère-206>,
<Marguerite de Ravalet-106>,<nous-30>,<Mme d' Esmondeville-215>,
<le fils-113>,<deux autres-27>,<Mme d' Esmondeville-215>,
<le fils exilé au loin-112>,<deux autres-27>,<du frère-206>,
<le fils exilé au loin-112>,<je-1>,<du frère-206>,
<deux enfants de la plus pure beauté-96>,<deux autres-27>,<une vieille-219>,
<deux enfants de la plus pure beauté-96>,<deux autres-27>,<du frère-206>,
<deux enfants de la plus pure beauté-96>,<je-1>,<du frère-206>,
<deux enfants de la plus pure beauté-96>,<je-1>,<du frère-206>,
<deux enfants de la plus pure beauté-96>,<je-1>,<du frère-206>,
<On-116>,<je-1>,<du frère-206>,
<On-116>,,<une vieille-219>,
<deux enfants de la plus pure beauté-96>,<des hommes-32>,<on-223>,
<On-116>,<ces Damnés de l' ignorance-33>,<du frère-206>,
<Marguerite de Ravalet-106>,<deux autres-27>,<ce messire Le Fauconnier-224>,
<lequel des deux-109>,<nous-30>,<du frère-206>,
<deux enfants de la plus pure beauté-96>,<nous-30>,<du frère-206>,
<lequel des deux-109>,<nous-30>,<des enfants-225>,
<Marguerite de Ravalet-106>,<nous-30>,<des enfants-225>,
<deux enfants de la plus pure beauté-96>,<deux autres-27>,<du frère-206>,
<le fils exilé au loin-112>,<deux autres-27>,<du frère-206>,
<Marguerite de Ravalet-106>,<je-1>,<du frère-206>,
<le fils-113>,<deux autres-27>,<le frère-227>,
<le fils exilé au loin-112>,<deux autres-27>,<le frère-227>,
<le fils exilé au loin-112>,<je-1>,<le frère-227>,
<deux enfants de la plus pure beauté-96>,<je-1>,<du frère-206>,
<deux enfants de la plus pure beauté-96>,<je-1>,<le Roi-228>,
<deux enfants de la plus pure beauté-96>,<je-1>,<leurs deux cadavres-229>,
<deux enfants de la plus pure beauté-96>,,<la famille-230>,
<deux enfants de la plus pure beauté-96>,<des hommes-32>,<Marguerite-170>,
<On-116>,<ces Damnés de l' ignorance-33>,<du frère-206>,
<On-116>,<nous-30>,<Mme d' Esmondeville-215>,
<deux enfants de la plus pure beauté-96>,<nous-30>,<Mme d' Esmondeville-215>,
<On-116>,<nous-30>,<du frère-206>,
<Marguerite de Ravalet-106>,<nous-30>,<du frère-206>,
<nous-122>,<deux autres-27>,<une vieille-219>,
<lequel des deux-109>,<deux autres-27>,<du frère-206>,
<Marguerite de Ravalet-106>,<je-1>,<du frère-206>,
<deux enfants de la plus pure beauté-96>,<deux autres-27>,<du frère-206>,
<le fils exilé au loin-112>,<deux autres-27>,<du frère-206>,
<Marguerite de Ravalet-106>,<je-1>,<du frère-206>,
<le fils-113>,<je-1>,<une vieille-219>,
<le fils exilé au loin-112>,<je-1>,<on-223>,
<le fils exilé au loin-112>,<je-1>,<du frère-206>,
<deux enfants de la plus pure beauté-96>,,<ce messire Le Fauconnier-224>,
<deux enfants de la plus pure beauté-96>,<des hommes-32>,<du frère-206>,
<deux enfants de la plus pure beauté-96>,<ces Damnés de l' ignorance-33>,<du frère-206>,
<deux enfants de la plus pure beauté-96>,<nous-30>,<des enfants-225>,
<deux enfants de la plus pure beauté-96>,<nous-30>,<des enfants-225>,
<On-116>,<nous-30>,<du frère-206>,
<On-116>,<deux autres-27>,<du frère-206>,
<deux enfants de la plus pure beauté-96>,<deux autres-27>,<du frère-206>,
<On-116>,<je-1>,<le frère-227>,
<Marguerite de Ravalet-106>,<deux autres-27>,<le frère-227>,
<nous-122>,<deux autres-27>,<le frère-227>,
<lequel des deux-109>,<je-1>,<du frère-206>,
<Marguerite de Ravalet-106>,<je-1>,<le Roi-228>,
<deux enfants de la plus pure beauté-96>,<je-1>,<leurs deux cadavres-229>,
<le fils exilé au loin-112>,<je-1>,<la famille-230>,
<Marguerite de Ravalet-106>,,<la famille-230>,
<le fils-113>,<des hommes-32>,<leurs deux cadavres-229>,
<le fils exilé au loin-112>,<ces Damnés de l' ignorance-33>,<du frère-206>,
<le fils exilé au loin-112>,<le pays le moins-35>,<une vieille-219>,
<deux enfants de la plus pure beauté-96>,,<du frère-206>,
<deux enfants de la plus pure beauté-96>,,<du frère-206>,
<deux enfants de la plus pure beauté-96>,,<du frère-206>,
<deux enfants de la plus pure beauté-96>,,<du frère-206>,
<deux enfants de la plus pure beauté-96>,,<du frère-206>,
<On-116>,,<une vieille-219>,
<On-116>,,<on-223>,
<deux enfants de la plus pure beauté-96>,,<du frère-206>,
<On-116>,,<ce messire Le Fauconnier-224>,
<Marguerite de Ravalet-106>,,<du frère-206>,
<nous-122>,,<du frère-206>,
<Marguerite de Ravalet-106>,,<des enfants-225>,
<deux enfants de la plus pure beauté-96>,,<des enfants-225>,
<le fils exilé au loin-112>,,<du frère-206>,
<Marguerite de Ravalet-106>,,<du frère-206>,
<le fils-113>,,<du frère-206>,
<le fils exilé au loin-112>,,<le frère-227>,
<le fils exilé au loin-112>,,<le frère-227>,
<deux enfants de la plus pure beauté-96>,,<le frère-227>,
<deux enfants de la plus pure beauté-96>,,<du frère-206>,
<deux enfants de la plus pure beauté-96>,,<le Roi-228>,
<deux enfants de la plus pure beauté-96>,,<leurs deux cadavres-229>,
<deux enfants de la plus pure beauté-96>,,<la famille-230>,
<On-116>,,<la famille-230>,
<On-116>,,<leurs deux cadavres-229>,
<deux enfants de la plus pure beauté-96>,,<le frère-227>,
<On-116>,,<la sœur-233>,
<Marguerite de Ravalet-106>,,<Passant-234>,
<nous-122>,,<Passant-234>,
<le fils exilé au loin-112>,,<une vieille-219>,
<Marguerite de Ravalet-106>,,<du frère-206>,
<le fils-113>,,<du frère-206>,
<le fils exilé au loin-112>,,<du frère-206>,
<le fils exilé au loin-112>,,<du frère-206>,
<deux enfants de la plus pure beauté-96>,,<du frère-206>,
<deux enfants de la plus pure beauté-96>,,<une vieille-219>,
<deux enfants de la plus pure beauté-96>,,<on-223>,
<deux enfants de la plus pure beauté-96>,,<du frère-206>,
<deux enfants de la plus pure beauté-96>,,<ce messire Le Fauconnier-224>,
<On-116>,,<du frère-206>,
<On-116>,,<du frère-206>,
<deux enfants de la plus pure beauté-96>,,<des enfants-225>,
<On-116>,,<des enfants-225>,
<Marguerite de Ravalet-106>,,<du frère-206>,
<nous-122>,,<du frère-206>,
<deux enfants de la plus pure beauté-96>,,<du frère-206>,
<On-116>,,<le frère-227>,
<On-116>,,<le frère-227>,
<deux enfants de la plus pure beauté-96>,,<le frère-227>,
<On-116>,,<du frère-206>,
<Marguerite de Ravalet-106>,,<le Roi-228>,
<nous-122>,,<leurs deux cadavres-229>,
<deux enfants de la plus pure beauté-96>,,<la famille-230>,
<deux enfants de la plus pure beauté-96>,,<la famille-230>,
,,<leurs deux cadavres-229>,
<Marguerite de Ravalet-106>,,<le frère-227>,
<Marguerite de Ravalet-106>,,<la sœur-233>,
<deux enfants de la plus pure beauté-96>,,<Passant-234>,
<deux enfants de la plus pure beauté-96>,,<Passant-234>,
<Marguerite de Ravalet-106>,,<leurs deux cadavres-229>,
<On-116>,,<Passant-234>,
<Marguerite de Ravalet-106>,,<Passant-234>,
<nous-122>,,<Dieu-235>,
<deux enfants de la plus pure beauté-96>,,<leurs deux cadavres-229>,
<deux enfants de la plus pure beauté-96>,,<une vieille-219>,
,,<du frère-206>,
<Marguerite de Ravalet-106>,,<du frère-206>,
<Marguerite de Ravalet-106>,,<du frère-206>,
<deux enfants de la plus pure beauté-96>,,<du frère-206>,
<deux enfants de la plus pure beauté-96>,,<du frère-206>,
<Marguerite de Ravalet-106>,,<une vieille-219>,
<Marguerite de Ravalet-106>,,<on-223>,
<Marguerite-124>,,<du frère-206>,
<nous-122>,,<ce messire Le Fauconnier-224>,
<deux enfants de la plus pure beauté-96>,,<du frère-206>,
<deux enfants de la plus pure beauté-96>,,<du frère-206>,
,,<des enfants-225>,
<Marguerite de Ravalet-106>,,<des enfants-225>,
<Marguerite de Ravalet-106>,,<du frère-206>,
<deux enfants de la plus pure beauté-96>,,<du frère-206>,
<deux enfants de la plus pure beauté-96>,,<du frère-206>,
<Marguerite de Ravalet-106>,,<le frère-227>,
<Marguerite de Ravalet-106>,,<le frère-227>,
<Marguerite-124>,,<le frère-227>,
<Marguerite-124>,,<du frère-206>,
<Marguerite-124>,,<le Roi-228>,
<Marguerite-124>,,<leurs deux cadavres-229>,
<Marguerite-124>,,<la famille-230>,
<Marguerite-124>,,<la famille-230>,
<nous-122>,,<leurs deux cadavres-229>,
<deux enfants de la plus pure beauté-96>,,<le frère-227>,
<deux enfants de la plus pure beauté-96>,,<la sœur-233>,
,,<Passant-234>,
<Marguerite de Ravalet-106>,,<Passant-234>,
<Marguerite de Ravalet-106>,,<leurs deux cadavres-229>,
<deux enfants de la plus pure beauté-96>,,<Passant-234>,
<deux enfants de la plus pure beauté-96>,,<Passant-234>,
<Marguerite de Ravalet-106>,,<Dieu-235>,
<Marguerite de Ravalet-106>,,<leurs deux cadavres-229>,
<Marguerite-124>,,<du frère-206>,
<Marguerite-124>,,<du frère-206>,
<Marguerite-124>,,<du frère-206>,
<Marguerite-124>,,<du frère-206>,
<Marguerite-124>,,<une vieille-219>,
<Marguerite-124>,,<on-223>,
,,<du frère-206>,
,,<ce messire Le Fauconnier-224>,
,,<du frère-206>,
,,<du frère-206>,
,,<des enfants-225>,
,,<des enfants-225>,
,,<du frère-206>,
,,<du frère-206>,
,,<du frère-206>,
,,<le frère-227>,
,,<le frère-227>,
,,<le frère-227>,
,,<du frère-206>,
,,<le Roi-228>,
,,<leurs deux cadavres-229>,
,,<la famille-230>,
,,<la famille-230>,
,,<leurs deux cadavres-229>,
,,<le frère-227>,
,,<la sœur-233>,
,,<Passant-234>,
,,<Passant-234>,
,,<leurs deux cadavres-229>,
,,<Passant-234>,
,,<Passant-234>,
,,<Dieu-235>,
,,<leurs deux cadavres-229>,
,,<du frère-206>,
,,<une vieille-219>,
,,<on-223>,
,,<du frère-206>,
,,<ce messire Le Fauconnier-224>,
,,<du frère-206>,
,,<du frère-206>,
,,<des enfants-225>,
,,<des enfants-225>,
,,<du frère-206>,
,,<du frère-206>,
,,<du frère-206>,
,,<le frère-227>,
,,<le frère-227>,
,,<le frère-227>,
,,<du frère-206>,
,,<le Roi-228>,
,,<leurs deux cadavres-229>,
,,<la famille-230>,
,,<la famille-230>,
,,<leurs deux cadavres-229>,
,,<le frère-227>,
,,<la sœur-233>,
,,<Passant-234>,
,,<Passant-234>,
,,<leurs deux cadavres-229>,
,,<Passant-234>,
,,<Passant-234>,
,,<Dieu-235>,
,,<leurs deux cadavres-229>,
,,<Saint - Julien - le - Pauvre-236>,
,,<ceux-237>,
,,<ceux-237>,
